{"cameraMode":{"drawMode":0,"name":"Shaded","section":"Shading Mode"},"sceneLighting":true,"audioPlay":false,"sceneViewState":{"m_AlwaysRefresh":true,"showFog":true,"showSkybox":true,"showFlares":true,"showImageEffects":true,"showParticleSystems":true,"showVisualEffectGraphs":true,"m_FxEnabled":true},"in2DMode":false,"pivot":{"x":-2.960545539855957,"y":7.0513458251953129,"z":-5.875408172607422},"rotation":{"x":0.20728981494903565,"y":-0.01782079227268696,"z":0.003776255063712597,"w":0.9782444834709168},"size":6.91226863861084,"orthographic":false}