{"cameraMode":{"drawMode":0,"name":"Shaded","section":"Shading Mode"},"sceneLighting":true,"audioPlay":false,"sceneViewState":{"m_AlwaysRefresh":true,"showFog":true,"showSkybox":true,"showFlares":true,"showImageEffects":true,"showParticleSystems":true,"showVisualEffectGraphs":true,"m_FxEnabled":true},"in2DMode":false,"pivot":{"x":19.24081039428711,"y":10.993617057800293,"z":24.43556785583496},"rotation":{"x":-0.09081903845071793,"y":0.9023500680923462,"z":-0.23411668837070466,"w":-0.3505510091781616},"size":0.10619291663169861,"orthographic":false}