{"cameraMode":{"drawMode":0,"name":"Shaded","section":"Shading Mode"},"sceneLighting":true,"audioPlay":false,"sceneViewState":{"m_AlwaysRefresh":true,"showFog":true,"showSkybox":true,"showFlares":true,"showImageEffects":true,"showParticleSystems":true,"showVisualEffectGraphs":true,"m_FxEnabled":true},"in2DMode":false,"pivot":{"x":1.6092807054519654,"y":-1.0905804634094239,"z":2.0618016719818117},"rotation":{"x":-0.043300602585077289,"y":0.955880343914032,"z":-0.2251422256231308,"w":-0.18404114246368409},"size":12.203874588012696,"orthographic":false}