{"cameraMode":{"drawMode":0,"name":"Shaded","section":"Shading Mode"},"sceneLighting":false,"audioPlay":false,"sceneViewState":{"m_AlwaysRefresh":true,"showFog":true,"showSkybox":false,"showFlares":true,"showImageEffects":true,"showParticleSystems":true,"showVisualEffectGraphs":true,"m_FxEnabled":true},"in2DMode":false,"pivot":{"x":0.8184010982513428,"y":1.4298925399780274,"z":1.0599381923675538},"rotation":{"x":-0.17622330784797669,"y":0.6528275609016419,"z":-0.15997204184532166,"w":-0.7191470265388489},"size":3.052947759628296,"orthographic":false}