{"cameraMode":{"drawMode":0,"name":"Shaded","section":"Shading Mode"},"sceneLighting":false,"audioPlay":false,"sceneViewState":{"m_AlwaysRefresh":true,"showFog":true,"showSkybox":false,"showFlares":true,"showImageEffects":true,"showParticleSystems":true,"showVisualEffectGraphs":true,"m_FxEnabled":true},"in2DMode":false,"pivot":{"x":-4.699999809265137,"y":3.4977917671203615,"z":1.6632341146469117},"rotation":{"x":-0.0032858424820005895,"y":0.9690570831298828,"z":-0.24672915041446687,"w":-0.012782735750079155},"size":5.8856201171875,"orthographic":false}